<edmx:Edmx
    xmlns:edmx="http://schemas.microsoft.com/ado/2007/06/edmx"
    xmlns:sap="http://www.sap.com/Protocols/SAPData"
    xmlns:ux="http://www.sap.com/Protocols/OData4SAP/UX"
    xmlns:gp="http://www.sap.com/Protocols/SAPData/GenericPlayer" Version="1.0">
    <edmx:DataServices
        xmlns:m="http://schemas.microsoft.com/ado/2007/08/dataservices/metadata" m:DataServiceVersion="2.0">
        <Schema
            xmlns="http://schemas.microsoft.com/ado/2008/09/edm" Namespace="YGWS_MONTHLY_EVENTS_SRV" sap:schema-version="1" xml:lang="en">
            <EntityType Name="MonthlyEvent" sap:content-version="1">
                <Key>
                    <PropertyRef Name="EventId"/>
                </Key>
                <Property Name="EventId" Type="Edm.String" Nullable="false" MaxLength="2" sap:creatable="false" sap:updatable="false" sap:sortable="false" sap:filterable="false" sap:label="Event ID"/>
                <Property Name="Description" Type="Edm.String" Nullable="false" MaxLength="50" sap:creatable="false" sap:updatable="false" sap:sortable="false" sap:filterable="false" sap:label="Description"/>
                <NavigationProperty Name="EventAttendeeSet" Relationship="YGWS_MONTHLY_EVENTS_SRV.Event_Attendee" FromRole="FromRole_Event_Attendee" ToRole="ToRole_Event_Attendee"/>
            </EntityType>
            <EntityType Name="EventAttendee" sap:content-version="1">
                <Key>
                    <PropertyRef Name="EventId"/>
                </Key>
                <Property Name="EventId" Type="Edm.String" Nullable="false" MaxLength="2" sap:creatable="false" sap:updatable="false" sap:sortable="false" sap:filterable="false" sap:label="Event ID"/>
                <Property Name="Id" Type="Edm.String" Nullable="false" MaxLength="10" sap:creatable="false" sap:updatable="false" sap:sortable="false" sap:filterable="false" sap:label="Partner ID"/>
                <Property Name="FirstName" Type="Edm.String" Nullable="false" MaxLength="30" sap:creatable="false" sap:updatable="false" sap:sortable="false" sap:filterable="false" sap:label="Name 1"/>
                <Property Name="LastName" Type="Edm.String" Nullable="false" MaxLength="30" sap:creatable="false" sap:updatable="false" sap:sortable="false" sap:filterable="false" sap:label="Name 2"/>
                <Property Name="Address" Type="Edm.String" Nullable="false" MaxLength="55" sap:creatable="false" sap:updatable="false" sap:sortable="false" sap:filterable="false" sap:label="Address"/>
                <Property Name="Comments" Type="Edm.String" Nullable="false" MaxLength="80" sap:creatable="false" sap:updatable="false" sap:sortable="false" sap:filterable="false" sap:label="COMMENT"/>
                <NavigationProperty Name="MonthlyEventSet" Relationship="YGWS_MONTHLY_EVENTS_SRV.Event_Attendee" FromRole="ToRole_Event_Attendee" ToRole="FromRole_Event_Attendee"/>
            </EntityType>
            <Association Name="Event_Attendee" sap:content-version="1">
                <End Type="YGWS_MONTHLY_EVENTS_SRV.MonthlyEvent" Multiplicity="*" Role="FromRole_Event_Attendee"/>
                <End Type="YGWS_MONTHLY_EVENTS_SRV.EventAttendee" Multiplicity="*" Role="ToRole_Event_Attendee"/>
                <ReferentialConstraint>
                    <Principal Role="FromRole_Event_Attendee">
                        <PropertyRef Name="EventId"/>
                    </Principal>
                    <Dependent Role="ToRole_Event_Attendee">
                        <PropertyRef Name="EventId"/>
                    </Dependent>
                </ReferentialConstraint>
            </Association>
            <EntityContainer Name="YGWS_MONTHLY_EVENTS_SRV_Entities" m:IsDefaultEntityContainer="true" sap:supported-formats="atom json xlsx">
                <EntitySet Name="MonthlyEventSet" EntityType="YGWS_MONTHLY_EVENTS_SRV.MonthlyEvent" sap:content-version="1" sap:creatable="false" sap:updatable="false" sap:deletable="false" sap:pageable="false"/>
                <EntitySet Name="EventAttendeeSet" EntityType="YGWS_MONTHLY_EVENTS_SRV.EventAttendee" sap:content-version="1" sap:creatable="false" sap:updatable="false" sap:deletable="false" sap:pageable="false"/>
                <AssociationSet Name="Event_AttendeeSet" Association="YGWS_MONTHLY_EVENTS_SRV.Event_Attendee" deletable="false" creatable="false" updatable="false">
                    <End EntitySet="MonthlyEventSet" Role="FromRole_Event_Attendee"/>
                    <End EntitySet="EventAttendeeSet" Role="ToRole_Event_Attendee"/>
                </AssociationSet>
            </EntityContainer>
            <atom:link
                xmlns:atom="http://www.w3.org/2005/Atom" rel="self" href="https://gwaas-cd39ca7cc.ap1.hana.ondemand.com:443/odata/SAP/YGWS_MONTHLY_EVENTS_SRV;v=1/$metadata"/>
                <atom:link
                    xmlns:atom="http://www.w3.org/2005/Atom" rel="latest-version" href="https://gwaas-cd39ca7cc.ap1.hana.ondemand.com:443/odata/SAP/YGWS_MONTHLY_EVENTS_SRV;v=1/$metadata"/>
                </Schema>
            </edmx:DataServices>
        </edmx:Edmx>